"Date","Price","Open","High","Low","Vol.","Change %"
"12/07/2022","2.94","3.11","3.17","2.92","258.33M","-5.77%"
"12/06/2022","3.12","3.12","3.20","3.05","133.90M","1.30%"
"12/05/2022","3.08","3.21","3.25","3.03","132.81M","-4.94%"
"12/02/2022","3.24","3.12","3.38","3.05","257.43M","4.52%"
"12/01/2022","3.10","3.38","3.39","3.10","203.78M","-9.09%"
"11/30/2022","3.41","3.37","3.47","3.26","208.76M","1.49%"
"11/29/2022","3.36","3.36","3.47","3.17","195.37M","1.20%"
"11/28/2022","3.32","3.25","3.45","3.23","151.67M","-2.92%"
"11/25/2022","3.42","3.60","3.62","3.32","210.07M","-5.00%"
"11/24/2022","3.60","3.43","3.66","3.43","164.39M","6.51%"
"11/23/2022","3.38","3.29","3.38","3.20","167.07M","1.20%"
"11/22/2022","3.34","3.39","3.45","3.20","204.50M","-1.18%"
"11/21/2022","3.38","3.24","3.48","3.20","251.25M","7.30%"
"11/18/2022","3.15","3.50","3.58","3.09","269.07M","-7.08%"
"11/17/2022","3.39","3.22","3.46","3.03","241.03M","1.80%"
"11/16/2022","3.33","3.62","3.64","3.31","224.14M","-8.01%"
"11/14/2022","3.62","3.55","3.71","3.45","215.54M","4.62%"
"11/11/2022","3.46","4.11","4.15","3.38","389.27M","-13.07%"
"11/10/2022","3.98","4.22","4.35","3.89","226.32M","-10.96%"
"11/09/2022","4.47","4.63","4.67","4.40","121.05M","-3.46%"
"11/08/2022","4.63","4.51","4.77","4.50","167.24M","1.98%"
"11/07/2022","4.54","4.80","4.94","4.50","171.03M","-6.00%"
"11/04/2022","4.83","5.00","5.01","4.76","158.19M","-0.82%"
"11/03/2022","4.87","4.46","4.95","4.40","241.35M","6.80%"
"11/01/2022","4.56","4.53","4.67","4.33","201.55M","2.01%"
"10/31/2022","4.47","4.38","4.66","4.26","262.44M","2.05%"
"10/28/2022","4.38","4.17","4.44","4.10","198.79M","3.79%"
"10/27/2022","4.22","3.94","4.32","3.92","217.98M","7.93%"
"10/26/2022","3.91","4.20","4.23","3.88","185.64M","-8.86%"
"10/25/2022","4.29","4.07","4.47","4.04","213.67M","5.15%"
"10/24/2022","4.08","4.06","4.13","3.95","124.28M","-1.69%"
"10/21/2022","4.15","4.02","4.21","3.92","206.00M","1.47%"
"10/20/2022","4.09","4.22","4.22","3.90","212.76M","-2.39%"
"10/19/2022","4.19","4.31","4.31","4.07","177.84M","-3.01%"
"10/18/2022","4.32","4.49","4.53","4.21","184.68M","-1.14%"
"10/17/2022","4.37","4.47","4.68","4.35","180.42M","0.00%"
"10/14/2022","4.37","4.96","4.99","4.33","254.37M","-11.18%"
"10/13/2022","4.92","5.17","5.18","4.81","178.55M","-4.84%"
"10/11/2022","5.17","5.32","5.44","5.12","154.60M","-2.82%"
"10/10/2022","5.32","5.34","5.46","5.19","132.96M","0.19%"
"10/07/2022","5.31","5.34","5.41","5.23","151.32M","-1.12%"
"10/06/2022","5.37","5.18","5.40","5.10","173.67M","4.88%"
"10/05/2022","5.12","5.11","5.27","4.99","163.26M","0.59%"
"10/04/2022","5.09","5.09","5.23","4.96","183.52M","3.67%"
"10/03/2022","4.91","4.75","4.97","4.61","225.36M","9.60%"
"09/30/2022","4.48","4.09","4.55","3.98","246.81M","10.62%"
"09/29/2022","4.05","4.24","4.29","4.02","156.41M","-6.47%"
"09/28/2022","4.33","4.20","4.39","4.10","163.90M","3.59%"
"09/27/2022","4.18","4.47","4.58","4.13","246.04M","-3.69%"
"09/26/2022","4.34","4.58","4.74","4.34","175.70M","-6.26%"
"09/23/2022","4.63","4.50","4.71","4.49","151.59M","0.65%"
"09/22/2022","4.60","4.86","4.97","4.54","241.34M","-3.16%"
"09/21/2022","4.75","4.47","4.91","4.40","249.85M","6.50%"
"09/20/2022","4.46","4.53","4.65","4.41","135.65M","-2.19%"
"09/19/2022","4.56","4.36","4.65","4.35","154.15M","2.24%"
"09/16/2022","4.46","4.25","4.54","4.15","177.36M","2.76%"
"09/15/2022","4.34","4.51","4.59","4.27","162.96M","-2.91%"
"09/14/2022","4.47","4.67","4.72","4.42","202.42M","-4.89%"
"09/13/2022","4.70","4.59","4.74","4.41","182.43M","-1.67%"
"09/12/2022","4.78","4.44","4.82","4.43","201.79M","9.13%"
"09/09/2022","4.38","4.42","4.43","4.30","134.12M","2.10%"
"09/08/2022","4.29","4.06","4.36","4.04","179.10M","7.25%"
"09/06/2022","4.00","4.26","4.26","3.88","183.06M","-7.41%"
"09/05/2022","4.32","4.31","4.39","4.26","69.15M","1.41%"
"09/02/2022","4.26","4.51","4.53","4.20","152.68M","-2.52%"
"09/01/2022","4.37","4.30","4.42","4.11","170.18M","2.34%"
"08/31/2022","4.27","4.57","4.62","4.26","179.92M","-5.32%"
"08/30/2022","4.51","4.64","4.73","4.34","175.05M","-0.22%"
"08/29/2022","4.52","4.51","4.69","4.50","139.14M","-1.31%"
"08/26/2022","4.58","4.73","4.76","4.45","151.53M","-2.14%"
"08/25/2022","4.68","4.66","4.79","4.58","191.20M","4.00%"
"08/24/2022","4.50","4.14","4.66","4.14","280.30M","8.43%"
"08/23/2022","4.15","3.87","4.19","3.86","185.54M","8.64%"
"08/22/2022","3.82","3.68","3.89","3.61","160.95M","1.06%"
"08/19/2022","3.78","3.92","3.99","3.71","151.19M","-6.20%"
"08/18/2022","4.03","4.08","4.08","3.82","143.74M","0.25%"
"08/17/2022","4.02","4.03","4.29","3.99","236.39M","-3.13%"
"08/16/2022","4.15","4.09","4.29","3.94","223.73M","2.72%"
"08/15/2022","4.04","3.53","4.05","3.52","281.35M","12.85%"
"08/12/2022","3.58","3.01","3.62","2.95","349.84M","17.76%"
"08/11/2022","3.04","3.33","3.35","3.02","173.55M","-7.60%"
"08/10/2022","3.29","3.22","3.33","3.15","176.95M","6.82%"
"08/09/2022","3.08","3.34","3.39","3.03","160.48M","-5.81%"
"08/08/2022","3.27","3.23","3.48","3.21","191.84M","3.48%"
"08/05/2022","3.16","3.28","3.38","3.08","242.28M","-5.39%"
"08/04/2022","3.34","3.05","3.38","3.05","239.54M","13.99%"
"08/03/2022","2.93","2.72","2.95","2.71","189.06M","8.12%"
"08/02/2022","2.71","2.69","2.77","2.64","131.87M","-0.37%"
"08/01/2022","2.72","2.58","2.79","2.55","231.69M","5.43%"
"07/29/2022","2.58","2.74","2.77","2.57","165.77M","-5.15%"
"07/28/2022","2.72","2.72","2.77","2.58","206.64M","0.74%"
"07/27/2022","2.70","2.63","2.79","2.61","174.39M","3.45%"
"07/26/2022","2.61","2.80","2.80","2.58","138.22M","-6.45%"
"07/25/2022","2.79","2.89","2.97","2.78","128.87M","-2.45%"
"07/22/2022","2.86","3.05","3.09","2.82","160.35M","-4.98%"
"07/21/2022","3.01","3.07","3.13","2.95","164.66M","-1.95%"
"07/20/2022","3.07","2.79","3.07","2.78","222.88M","10.04%"
"07/19/2022","2.79","2.81","2.88","2.64","185.04M","0.72%"
"07/18/2022","2.77","2.84","3.07","2.74","195.76M","-0.36%"
"07/15/2022","2.78","2.97","2.99","2.75","153.38M","-4.47%"
"07/14/2022","2.91","2.74","3.08","2.72","187.60M","2.83%"
"07/13/2022","2.83","2.87","2.98","2.81","284.92M","-3.41%"
"07/12/2022","2.93","2.65","3.03","2.62","325.33M","11.41%"
"07/11/2022","2.63","2.55","2.69","2.51","154.95M","0.38%"
"07/08/2022","2.62","2.53","2.65","2.46","151.62M","2.34%"
"07/07/2022","2.56","2.56","2.65","2.43","194.43M","2.40%"
"07/06/2022","2.50","2.38","2.61","2.38","262.14M","5.04%"
"07/05/2022","2.38","2.10","2.42","2.03","270.15M","11.74%"
"07/04/2022","2.13","2.18","2.22","2.11","102.30M","-3.18%"
"07/01/2022","2.20","2.34","2.34","2.20","112.23M","-5.98%"
"06/30/2022","2.34","2.38","2.42","2.31","230.98M","-2.90%"
"06/29/2022","2.41","2.40","2.49","2.37","112.26M","1.26%"
"06/28/2022","2.38","2.46","2.48","2.34","129.07M","-2.06%"
"06/27/2022","2.43","2.48","2.55","2.40","103.65M","-1.62%"
"06/24/2022","2.47","2.63","2.65","2.44","140.60M","-3.14%"
"06/23/2022","2.55","2.45","2.69","2.44","203.96M","4.51%"
"06/22/2022","2.44","2.44","2.56","2.36","132.91M","-2.79%"
"06/21/2022","2.51","2.61","2.63","2.47","133.58M","-2.71%"
"06/20/2022","2.58","2.40","2.63","2.32","197.54M","8.40%"
"06/17/2022","2.38","2.46","2.46","2.36","168.97M","-6.67%"
"06/15/2022","2.55","2.60","2.67","2.47","231.47M","0.39%"
"06/14/2022","2.54","2.69","2.73","2.53","163.09M","-4.87%"
"06/13/2022","2.67","2.78","2.78","2.66","169.94M","-7.93%"
"06/10/2022","2.90","2.98","3.06","2.88","163.70M","-3.65%"
"06/09/2022","3.01","3.22","3.22","3.01","213.72M","-6.52%"
"06/08/2022","3.22","3.25","3.34","3.20","151.80M","-2.13%"
"06/07/2022","3.29","3.36","3.38","3.26","155.29M","-3.24%"
"06/06/2022","3.40","3.63","3.65","3.38","140.52M","-5.29%"
"06/03/2022","3.59","3.76","3.79","3.58","139.08M","-5.53%"
"06/02/2022","3.80","3.74","3.99","3.73","146.30M","2.43%"
"06/01/2022","3.71","3.73","3.80","3.62","96.31M","-0.27%"
"05/31/2022","3.72","3.88","3.88","3.70","100.41M","-3.12%"
"05/30/2022","3.84","4.03","4.11","3.78","67.90M","-4.00%"
"05/27/2022","4.00","4.08","4.14","3.92","76.37M","-1.72%"
"05/26/2022","4.07","3.72","4.12","3.72","163.55M","9.70%"
"05/25/2022","3.71","3.70","3.80","3.64","130.91M","0.00%"
"05/24/2022","3.71","3.61","3.71","3.58","71.98M","0.27%"
"05/23/2022","3.70","3.71","3.78","3.61","106.89M","0.82%"
"05/20/2022","3.67","3.78","3.81","3.57","131.03M","-1.61%"
"05/19/2022","3.73","3.72","3.85","3.67","153.56M","0.27%"
"05/18/2022","3.72","3.96","4.03","3.70","164.95M","-5.58%"
"05/17/2022","3.94","4.46","4.50","3.93","267.66M","-11.46%"
"05/16/2022","4.45","4.40","4.57","4.25","117.96M","1.60%"
"05/13/2022","4.38","4.23","4.48","4.22","139.66M","4.78%"
"05/12/2022","4.18","3.83","4.21","3.74","192.51M","6.36%"
"05/11/2022","3.93","3.88","4.09","3.87","139.77M","-0.51%"
"05/10/2022","3.95","4.05","4.11","3.80","157.47M","1.02%"
"05/09/2022","3.91","4.17","4.24","3.91","150.24M","-9.07%"
"05/06/2022","4.30","4.41","4.47","4.25","143.86M","-2.71%"
"05/05/2022","4.42","4.71","4.76","4.38","159.10M","-10.71%"
"05/04/2022","4.95","4.52","4.97","4.37","140.50M","7.61%"
"05/03/2022","4.60","4.81","4.82","4.57","95.07M","-4.17%"
"05/02/2022","4.80","4.91","4.97","4.74","80.83M","-1.64%"
"04/29/2022","4.88","5.26","5.30","4.88","111.58M","-5.79%"
"04/28/2022","5.18","5.15","5.28","4.98","100.44M","1.57%"
"04/27/2022","5.10","5.36","5.46","5.08","110.88M","-1.54%"
"04/26/2022","5.18","5.40","5.47","5.18","83.07M","-4.78%"
"04/25/2022","5.44","5.44","5.57","5.37","110.38M","-1.98%"
"04/22/2022","5.55","5.48","5.59","5.42","80.29M","-1.07%"
"04/20/2022","5.61","5.94","6.04","5.58","113.48M","-5.56%"
"04/19/2022","5.94","5.85","6.02","5.76","85.16M","0.85%"
"04/18/2022","5.89","5.99","6.04","5.81","85.47M","-2.00%"
"04/14/2022","6.01","6.00","6.07","5.92","86.77M","-0.33%"
"04/13/2022","6.03","6.08","6.17","5.93","100.53M","1.01%"
"04/12/2022","5.97","6.32","6.40","5.96","114.56M","-1.81%"
"04/11/2022","6.08","5.95","6.20","5.84","99.65M","-0.82%"
"04/08/2022","6.13","6.35","6.36","6.08","142.01M","-6.55%"
"04/07/2022","6.56","6.59","6.84","6.47","128.31M","-0.91%"
"04/06/2022","6.62","6.81","6.83","6.45","118.45M","-4.20%"
"04/05/2022","6.91","7.17","7.38","6.86","108.92M","-3.89%"
"04/04/2022","7.19","7.35","7.36","7.03","98.69M","-2.18%"
"04/01/2022","7.35","6.92","7.38","6.88","141.46M","7.77%"
"03/31/2022","6.82","6.93","6.99","6.76","99.79M","-0.73%"
"03/30/2022","6.87","7.01","7.13","6.73","118.44M","-1.86%"
"03/29/2022","7.00","6.68","7.12","6.68","166.84M","8.19%"
"03/28/2022","6.47","6.55","6.67","6.39","81.55M","-1.07%"
"03/25/2022","6.54","6.63","6.80","6.34","138.99M","-0.91%"
"03/24/2022","6.60","6.05","6.67","5.97","184.82M","10.00%"
"03/23/2022","6.00","5.79","6.04","5.69","165.34M","3.27%"
"03/22/2022","5.81","5.80","5.98","5.71","120.07M","1.57%"
"03/21/2022","5.72","5.84","5.96","5.65","123.53M","-1.72%"
"03/18/2022","5.82","5.42","5.87","5.38","129.98M","5.05%"
"03/17/2022","5.54","5.13","5.55","5.01","157.73M","7.99%"
"03/16/2022","5.13","5.05","5.20","4.91","162.05M","5.34%"
"03/15/2022","4.87","4.80","5.02","4.65","250.25M","-8.63%"
"03/14/2022","5.33","5.86","5.89","5.30","130.41M","-6.33%"
"03/11/2022","5.69","6.03","6.30","5.69","163.95M","-4.53%"
"03/10/2022","5.96","6.15","6.16","5.82","141.80M","-4.33%"
"03/09/2022","6.23","6.23","6.52","6.17","138.83M","2.98%"
"03/08/2022","6.05","6.05","6.25","5.75","147.32M","3.42%"
"03/07/2022","5.85","6.22","6.34","5.80","87.04M","-7.00%"
"03/04/2022","6.29","6.29","6.41","6.11","87.72M","-0.32%"
"03/03/2022","6.31","6.33","6.48","6.15","102.31M","0.00%"
"03/02/2022","6.31","5.95","6.34","5.94","101.49M","4.99%"
"02/25/2022","6.01","6.19","6.27","5.86","133.70M","-1.80%"
"02/24/2022","6.12","5.55","6.16","5.33","165.70M","3.55%"
"02/23/2022","5.91","6.14","6.49","5.91","147.45M","-2.64%"
"02/22/2022","6.07","6.17","6.31","6.01","130.96M","0.83%"
"02/21/2022","6.02","6.42","6.45","6.02","86.56M","-5.35%"
"02/18/2022","6.36","6.72","6.82","6.36","120.82M","-4.07%"
"02/17/2022","6.63","6.81","6.93","6.59","97.37M","-2.79%"
"02/16/2022","6.82","6.83","6.98","6.72","100.34M","-0.29%"
"02/15/2022","6.84","6.61","6.84","6.61","94.93M","5.56%"
"02/14/2022","6.48","6.35","6.62","6.32","117.30M","2.05%"
"02/11/2022","6.35","6.98","7.02","6.30","194.91M","-8.50%"
"02/10/2022","6.94","6.67","6.98","6.43","156.93M","5.15%"
"02/09/2022","6.60","6.59","6.85","6.38","108.64M","0.92%"
"02/08/2022","6.54","6.31","6.54","6.24","87.22M","3.65%"
"02/07/2022","6.31","6.33","6.60","6.23","106.14M","-0.32%"
"02/04/2022","6.33","6.55","6.60","6.20","115.69M","-3.06%"
"02/03/2022","6.53","6.60","6.85","6.34","165.15M","0.31%"
"02/02/2022","6.51","7.09","7.25","6.44","208.15M","-7.13%"
"02/01/2022","7.01","7.00","7.33","6.88","154.38M","0.14%"
"01/31/2022","7.00","6.80","7.11","6.67","149.36M","4.32%"
"01/28/2022","6.71","7.21","7.23","6.62","185.69M","-7.06%"
"01/27/2022","7.22","6.91","7.28","6.88","161.79M","6.96%"
"01/26/2022","6.75","6.95","7.08","6.60","135.59M","0.45%"
"01/25/2022","6.72","6.36","6.76","6.20","172.08M","5.16%"
"01/24/2022","6.39","6.89","7.00","6.39","133.10M","-7.39%"
"01/21/2022","6.90","6.54","7.08","6.46","150.87M","3.76%"
"01/20/2022","6.65","6.36","6.81","6.35","140.78M","5.39%"
"01/19/2022","6.31","6.01","6.60","6.01","197.82M","7.13%"
"01/18/2022","5.89","6.08","6.23","5.89","117.01M","-3.76%"
"01/17/2022","6.12","6.27","6.38","6.12","61.80M","-3.32%"
"01/14/2022","6.33","6.11","6.42","6.08","104.05M","3.94%"
"01/13/2022","6.09","6.25","6.28","5.90","129.18M","-3.49%"
"01/12/2022","6.31","5.90","6.37","5.78","127.31M","7.50%"
"01/11/2022","5.87","5.75","6.01","5.72","142.96M","2.26%"
"01/10/2022","5.74","6.14","6.15","5.74","114.38M","-7.72%"
"01/07/2022","6.22","6.27","6.64","6.11","132.69M","-0.48%"
"01/06/2022","6.25","6.46","6.53","6.13","96.48M","-2.65%"
"01/05/2022","6.42","6.52","6.73","6.37","92.67M","-2.87%"
"01/04/2022","6.61","6.78","6.94","6.45","94.74M","-1.64%"
"01/03/2022","6.72","7.41","7.41","6.67","145.44M","-6.93%"
"12/30/2021","7.22","6.80","7.41","6.77","180.33M","6.80%"
"12/29/2021","6.76","6.84","6.90","6.70","79.25M","-1.02%"
"12/28/2021","6.83","6.79","6.96","6.64","165.57M","0.74%"
"12/27/2021","6.78","6.23","6.78","6.23","124.28M","9.35%"
"12/23/2021","6.20","6.22","6.34","5.99","97.11M","0.65%"
"12/22/2021","6.16","6.42","6.61","6.14","85.33M","-4.05%"
"12/21/2021","6.42","6.42","6.61","6.22","112.07M","1.42%"
"12/20/2021","6.33","6.42","6.72","6.24","92.82M","-4.95%"
"12/17/2021","6.66","6.19","6.73","6.06","146.28M","4.06%"
"12/16/2021","6.40","6.28","6.51","6.13","149.88M","3.73%"
"12/15/2021","6.17","5.71","6.24","5.62","153.00M","7.49%"
"12/14/2021","5.74","6.15","6.20","5.73","142.70M","-5.12%"
"12/13/2021","6.05","6.38","6.72","6.05","255.55M","-5.02%"
"12/10/2021","6.37","6.43","6.51","6.01","209.18M","1.43%"
"12/09/2021","6.28","6.76","6.76","6.21","257.83M","-7.78%"
"12/08/2021","6.81","7.56","7.57","6.63","255.58M","-10.63%"
"12/07/2021","7.62","7.49","7.72","7.37","85.26M","4.38%"
"12/06/2021","7.30","7.15","7.44","7.10","84.61M","3.55%"
"12/03/2021","7.05","6.78","7.28","6.72","141.73M","4.29%"
"12/02/2021","6.76","6.95","7.19","6.45","173.86M","-1.74%"
"12/01/2021","6.88","8.05","8.10","6.88","140.24M","-11.79%"
"11/30/2021","7.80","7.99","8.11","7.60","93.77M","-2.99%"
"11/29/2021","8.04","8.19","8.47","7.98","85.24M","-0.25%"
"11/26/2021","8.06","8.48","8.57","8.03","63.46M","-7.36%"
"11/25/2021","8.70","8.84","9.04","8.61","58.78M","-1.36%"
"11/24/2021","8.82","8.50","9.01","8.45","79.04M","2.56%"
"11/23/2021","8.60","9.00","9.05","8.47","84.97M","-2.71%"
"11/22/2021","8.84","9.40","9.68","8.81","68.03M","-4.64%"
"11/19/2021","9.27","9.05","9.87","8.94","93.51M","3.11%"
"11/18/2021","8.99","9.36","9.60","8.99","76.65M","-3.02%"
"11/17/2021","9.27","9.91","10.14","9.19","131.99M","-4.83%"
"11/16/2021","9.74","11.19","11.40","9.74","141.03M","-12.65%"
"11/12/2021","11.15","12.65","12.78","11.15","142.72M","-18.32%"
"11/11/2021","13.65","13.30","14.26","13.12","65.76M","4.84%"
"11/10/2021","13.02","13.20","13.54","12.82","60.78M","-0.84%"
"11/09/2021","13.13","12.05","13.80","12.05","67.27M","10.06%"
"11/08/2021","11.93","12.31","12.66","11.87","47.18M","-4.10%"
"11/05/2021","12.44","11.22","12.62","11.16","65.63M","12.27%"
"11/04/2021","11.08","11.50","11.82","10.93","33.90M","-4.07%"
"11/03/2021","11.55","11.19","11.67","10.99","47.39M","2.21%"
"11/01/2021","11.30","10.87","11.43","10.86","31.10M","4.53%"
"10/29/2021","10.81","11.24","11.36","10.73","41.21M","-3.05%"
"10/28/2021","11.15","11.49","11.76","11.07","41.94M","-3.88%"
"10/27/2021","11.60","12.07","12.43","11.54","41.36M","-3.17%"
"10/26/2021","11.98","12.29","12.35","11.73","37.00M","-2.92%"
"10/25/2021","12.34","12.49","12.83","12.27","34.67M","-0.64%"
"10/22/2021","12.42","12.35","12.95","11.86","69.14M","0.08%"
"10/21/2021","12.41","12.89","13.20","12.28","68.75M","-6.34%"
"10/20/2021","13.25","13.84","13.89","13.13","60.14M","-3.50%"
"10/19/2021","13.73","14.11","14.28","13.59","35.83M","-3.85%"
"10/18/2021","14.28","14.39","14.44","14.02","38.84M","-1.92%"
"10/15/2021","14.56","14.21","14.65","14.10","22.89M","2.75%"
"10/14/2021","14.17","14.60","14.63","14.10","25.82M","-2.28%"
"10/13/2021","14.50","14.42","14.65","14.29","29.67M","0.83%"
"10/11/2021","14.38","15.04","15.06","14.35","29.83M","-3.94%"
"10/08/2021","14.97","14.26","15.35","14.26","54.61M","6.70%"
"10/07/2021","14.03","14.60","14.84","14.00","39.30M","-2.97%"
"10/06/2021","14.46","13.49","14.60","13.15","73.08M","5.70%"
"10/05/2021","13.68","13.80","14.13","13.54","41.04M","-0.22%"
"10/04/2021","13.71","14.25","14.28","13.53","53.63M","-5.77%"
"10/01/2021","14.55","14.40","14.71","14.07","32.25M","1.46%"
"09/30/2021","14.34","13.98","14.71","13.92","55.12M","2.87%"
"09/29/2021","13.94","14.30","14.51","13.87","41.20M","-1.69%"
"09/28/2021","14.18","14.81","14.96","14.02","54.83M","-5.53%"
"09/27/2021","15.01","15.52","15.72","14.92","32.49M","-3.97%"
"09/24/2021","15.63","15.68","15.73","15.36","29.12M","-1.51%"
"09/23/2021","15.87","16.40","16.52","15.81","30.64M","-2.88%"
"09/22/2021","16.34","16.60","16.72","16.16","23.68M","-0.31%"
"09/21/2021","16.39","16.16","16.61","15.82","29.53M","2.12%"
"09/20/2021","16.05","16.24","16.41","15.79","26.80M","-3.14%"
"09/17/2021","16.57","16.31","16.77","15.86","43.89M","1.22%"
"09/16/2021","16.37","16.45","16.62","16.11","31.11M","-1.50%"
"09/15/2021","16.62","17.08","17.13","16.49","30.41M","-2.41%"
"09/14/2021","17.03","17.54","17.78","16.85","48.75M","-2.35%"
"09/13/2021","17.44","17.59","18.04","17.43","35.32M","1.51%"
"09/10/2021","17.18","19.06","19.12","17.18","72.38M","-8.86%"
"09/09/2021","18.85","18.90","19.42","17.96","34.72M","0.32%"
"09/08/2021","18.79","19.25","19.33","18.65","36.16M","-3.54%"
"09/06/2021","19.48","18.86","19.50","18.76","18.19M","3.07%"
"09/03/2021","18.90","18.10","18.90","17.90","46.14M","4.94%"
"09/02/2021","18.01","18.66","18.66","17.86","25.95M","-3.59%"
"09/01/2021","18.68","18.36","18.86","18.28","22.05M","2.41%"
"08/31/2021","18.24","18.75","19.06","18.14","30.44M","-3.39%"
"08/30/2021","18.88","18.94","19.10","18.49","22.32M","-0.79%"
"08/27/2021","19.03","18.92","19.15","18.76","22.75M","1.22%"
"08/26/2021","18.80","19.47","19.70","18.69","34.70M","-3.84%"
"08/25/2021","19.55","19.12","19.56","19.03","30.63M","1.61%"
"08/24/2021","19.24","18.34","19.34","18.15","70.23M","6.12%"
"08/23/2021","18.13","19.02","19.05","18.07","29.13M","-3.87%"
"08/20/2021","18.86","18.70","19.00","18.40","23.58M","-0.47%"
"08/19/2021","18.95","18.58","19.08","18.11","32.79M","0.58%"
"08/18/2021","18.84","19.42","19.50","18.63","33.09M","-2.43%"
"08/17/2021","19.31","19.28","19.66","18.71","29.95M","-0.57%"
"08/16/2021","19.42","20.23","20.40","19.40","32.15M","-4.19%"
"08/13/2021","20.27","21.10","21.17","19.88","43.96M","-3.34%"
"08/12/2021","20.97","20.74","21.26","20.54","24.77M","0.29%"
"08/11/2021","20.91","20.41","20.96","20.15","18.47M","2.50%"
"08/10/2021","20.40","20.53","20.76","20.13","19.48M","-0.44%"
"08/09/2021","20.49","20.57","20.88","20.43","14.09M","-0.92%"
"08/06/2021","20.68","20.53","20.88","20.14","20.38M","1.08%"
"08/05/2021","20.46","20.12","20.75","19.99","35.10M","2.51%"
"08/04/2021","19.96","20.29","20.32","19.72","27.41M","-2.30%"
"08/03/2021","20.43","20.60","20.65","19.72","18.87M","-0.97%"
"08/02/2021","20.63","20.91","21.07","20.56","23.70M","0.15%"
"07/30/2021","20.60","21.44","21.70","20.55","30.18M","-5.16%"
"07/29/2021","21.72","21.58","22.15","21.40","18.27M","0.88%"
"07/28/2021","21.53","21.59","21.78","21.22","17.67M","0.37%"
"07/27/2021","21.45","22.08","22.16","21.10","26.81M","-2.68%"
"07/26/2021","22.04","22.73","22.76","22.02","17.54M","-2.48%"
"07/23/2021","22.60","22.80","22.93","22.21","33.17M","-2.80%"
"07/22/2021","23.25","23.39","23.52","23.05","17.31M","-0.47%"
"07/21/2021","23.36","23.27","23.52","22.97","12.00M","-0.04%"
"07/20/2021","23.37","23.20","23.38","22.70","18.08M","1.08%"
"07/19/2021","23.12","23.65","23.88","22.96","19.38M","-3.26%"
"07/16/2021","23.90","23.82","24.34","23.81","25.82M","0.76%"
"07/15/2021","23.72","23.90","24.57","23.71","60.12M","3.45%"
"07/14/2021","22.93","22.60","22.93","22.51","29.65M","1.96%"
"07/13/2021","22.49","21.97","22.54","21.77","22.87M","1.76%"
"07/12/2021","22.10","22.06","22.40","21.95","20.31M","0.82%"
"07/08/2021","21.92","21.68","22.07","21.48","17.91M","-0.41%"
"07/07/2021","22.01","21.30","22.15","21.28","30.68M","4.46%"
"07/06/2021","21.07","21.14","21.43","20.95","19.76M","-1.38%"
"07/05/2021","21.36","21.48","21.58","21.11","8.64M","-1.20%"
"07/02/2021","21.62","20.78","21.67","20.74","24.16M","4.59%"
"07/01/2021","20.67","21.20","21.25","20.41","18.08M","-2.17%"
"06/30/2021","21.13","21.51","21.58","20.99","25.04M","-2.40%"
"06/29/2021","21.65","21.51","21.67","21.03","11.74M","0.65%"
"06/28/2021","21.51","21.37","21.82","21.10","20.80M","0.65%"
"06/25/2021","21.37","21.75","21.91","21.04","29.78M","-1.20%"
"06/24/2021","21.63","20.78","21.71","20.68","31.32M","5.20%"
"06/23/2021","20.57","20.93","21.20","20.50","16.25M","-1.86%"
"06/22/2021","20.95","21.31","21.32","20.65","16.34M","-1.41%"
"06/21/2021","21.25","21.15","21.30","20.86","10.90M","0.95%"
"06/18/2021","21.05","21.29","21.49","21.00","28.54M","-1.13%"
"06/17/2021","21.29","20.29","21.35","20.07","30.28M","4.92%"
"06/16/2021","20.30","20.93","20.98","20.05","29.05M","-2.78%"
"06/15/2021","20.87","20.55","21.16","20.47","22.53M","1.46%"
"06/14/2021","20.58","20.43","20.71","20.37","16.47M","1.03%"
"06/11/2021","20.37","20.27","20.47","19.98","11.24M","0.49%"
"06/10/2021","20.27","20.33","20.38","19.92","15.54M","0.05%"
"06/09/2021","20.26","21.03","21.07","20.21","26.45M","-3.71%"
"06/08/2021","21.03","21.07","21.41","20.83","34.94M","1.20%"
"06/07/2021","20.78","20.92","20.97","20.56","13.51M","-0.24%"
"06/04/2021","20.83","20.60","21.03","20.50","17.79M","1.71%"
"06/02/2021","20.49","20.40","21.24","20.24","27.25M","0.74%"
"06/01/2021","20.34","20.25","20.64","20.20","17.83M","0.94%"
"05/31/2021","20.15","20.25","20.39","19.97","12.44M","-0.44%"
"05/28/2021","20.24","19.69","20.41","19.61","19.35M","3.37%"
"05/27/2021","19.58","19.73","19.83","19.46","22.36M","-0.41%"
"05/26/2021","19.66","20.35","20.38","19.64","19.39M","-1.75%"
"05/25/2021","20.01","20.19","20.65","20.01","33.66M","0.10%"
"05/24/2021","19.99","18.54","20.05","18.50","43.76M","7.93%"
"05/21/2021","18.52","18.74","18.77","18.24","22.81M","-1.12%"
"05/20/2021","18.73","18.67","18.87","18.59","10.96M","0.32%"
"05/19/2021","18.67","18.75","19.11","18.53","16.65M","-1.53%"
"05/18/2021","18.96","18.82","19.40","18.76","17.87M","0.58%"
"05/17/2021","18.85","19.11","19.21","18.72","15.47M","-1.51%"
"05/14/2021","19.14","19.59","19.73","18.96","26.78M","0.10%"
"05/13/2021","19.12","18.80","19.24","18.72","19.72M","2.90%"
"05/12/2021","18.58","18.99","19.14","18.49","21.48M","-3.78%"
"05/11/2021","19.31","18.99","19.38","18.65","26.57M","0.62%"
"05/10/2021","19.19","19.88","19.97","19.04","21.84M","-3.47%"
"05/07/2021","19.88","19.57","19.89","19.32","23.14M","2.21%"
"05/06/2021","19.45","19.84","19.94","19.29","26.88M","-2.21%"
"05/05/2021","19.89","19.84","20.08","19.67","14.94M","0.76%"
"05/04/2021","19.74","20.17","20.22","19.63","19.28M","-2.13%"
"05/03/2021","20.17","20.10","20.24","19.89","17.72M","0.75%"
"04/30/2021","20.02","20.09","20.38","19.86","29.26M","-1.14%"
"04/29/2021","20.25","20.62","20.66","19.90","34.24M","-1.89%"
"04/28/2021","20.64","20.92","21.08","20.57","28.28M","-1.43%"
"04/27/2021","20.93","21.58","21.63","20.91","15.63M","-3.50%"
"04/26/2021","21.69","21.59","21.79","21.48","19.55M","-0.09%"
"04/23/2021","21.71","21.24","21.71","21.11","25.81M","2.74%"
"04/22/2021","21.13","21.69","21.83","21.09","22.45M","-2.08%"
"04/20/2021","21.58","21.62","21.78","21.40","20.43M","-0.23%"
"04/19/2021","21.63","21.89","22.13","21.52","21.97M","-1.23%"
"04/16/2021","21.90","22.17","22.23","21.74","19.72M","-1.26%"
"04/15/2021","22.18","22.20","22.50","22.08","18.35M","0.36%"
"04/14/2021","22.10","22.33","22.33","21.85","24.15M","-0.36%"
"04/13/2021","22.18","21.70","22.27","21.46","28.87M","2.54%"
"04/12/2021","21.63","21.76","21.91","21.59","20.59M","-0.09%"
"04/09/2021","21.65","21.63","22.00","21.58","35.61M","-0.82%"
"04/08/2021","21.83","20.22","21.88","20.20","56.10M","8.28%"
"04/07/2021","20.17","20.49","20.52","20.02","25.03M","-2.04%"
"04/06/2021","20.59","20.33","20.70","20.05","26.43M","0.88%"
"04/05/2021","20.41","20.59","20.71","19.92","27.07M","-0.10%"
"04/01/2021","20.43","20.27","21.00","20.04","42.84M","0.99%"
"03/31/2021","20.23","20.15","20.45","19.66","36.13M","0.90%"
"03/30/2021","20.05","19.48","20.31","19.41","35.93M","2.09%"
"03/29/2021","19.64","19.92","20.04","19.39","41.21M","-1.65%"
"03/26/2021","19.97","20.39","20.68","19.69","50.20M","-1.58%"
"03/25/2021","20.29","20.04","20.95","19.96","48.75M","-0.34%"
"03/24/2021","20.36","21.46","21.49","20.20","59.37M","-5.30%"
"03/23/2021","21.49","21.78","22.01","21.33","30.77M","-1.83%"
"03/22/2021","21.89","22.38","22.71","21.43","46.01M","-1.70%"
"03/19/2021","22.27","22.46","22.63","22.01","63.46M","0.04%"
"03/18/2021","22.26","23.74","23.83","22.05","53.49M","-6.93%"
"03/17/2021","23.92","23.84","24.03","23.39","37.39M","-0.87%"
"03/16/2021","24.13","23.80","24.37","23.58","38.09M","1.81%"
"03/15/2021","23.70","24.33","24.74","23.53","76.51M","-3.46%"
"03/12/2021","24.55","24.58","24.88","24.25","24.57M","-0.93%"
"03/11/2021","24.78","25.05","25.06","24.44","30.65M","-0.40%"
"03/10/2021","24.88","23.73","25.07","23.45","41.87M","6.46%"
"03/09/2021","23.37","23.53","23.95","23.29","73.82M","1.26%"
"03/08/2021","23.08","24.67","24.75","23.08","82.91M","-8.08%"
"03/05/2021","25.11","25.17","25.32","24.54","45.99M","-1.22%"
"03/04/2021","25.42","25.09","25.68","24.86","40.54M","1.27%"
"03/03/2021","25.10","24.51","25.26","23.48","47.20M","3.50%"
"03/02/2021","24.25","24.27","24.58","23.57","35.35M","-1.14%"
"03/01/2021","24.53","24.54","24.98","24.15","22.13M","1.53%"
"02/26/2021","24.16","24.06","24.94","23.96","45.69M","0.50%"
"02/25/2021","24.04","24.57","25.00","23.79","57.97M","-2.35%"
"02/24/2021","24.62","24.91","25.08","24.18","37.41M","-0.88%"
"02/23/2021","24.84","24.28","25.06","23.83","43.88M","2.52%"
"02/22/2021","24.23","24.21","24.50","23.64","41.41M","-2.77%"
"02/19/2021","24.92","24.90","25.37","24.17","38.67M","-0.40%"
"02/18/2021","25.02","25.48","25.57","24.78","22.58M","-1.80%"
"02/17/2021","25.48","25.70","26.19","25.44","24.75M","-1.58%"
"02/12/2021","25.89","25.50","25.96","25.33","15.13M","1.01%"
"02/11/2021","25.63","25.48","25.93","25.39","20.57M","1.38%"
"02/10/2021","25.28","26.08","26.10","25.09","40.04M","-3.58%"
"02/09/2021","26.22","26.14","26.43","25.88","19.35M","0.31%"
"02/08/2021","26.14","25.83","26.38","25.50","25.77M","1.20%"
"02/05/2021","25.83","25.36","26.07","25.36","24.92M","2.13%"
"02/04/2021","25.29","25.62","26.18","25.14","19.71M","-1.33%"
"02/03/2021","25.63","25.42","25.75","25.02","20.96M","1.38%"
"02/02/2021","25.28","25.28","25.71","25.18","27.56M","1.48%"
"02/01/2021","24.91","25.66","25.72","24.73","29.27M","-1.35%"
"01/29/2021","25.25","25.72","26.06","25.01","36.14M","-3.51%"
"01/28/2021","26.17","25.85","26.48","25.37","32.82M","1.55%"
"01/27/2021","25.77","25.70","26.37","25.33","44.93M","0.16%"
"01/26/2021","25.73","26.23","27.05","25.65","44.47M","-0.92%"
"01/22/2021","25.97","25.11","26.28","25.08","43.00M","1.96%"
"01/21/2021","25.47","25.38","25.63","24.83","33.04M","0.28%"
"01/20/2021","25.40","24.16","25.51","24.10","48.09M","5.56%"
"01/19/2021","24.06","24.52","24.93","23.80","21.03M","-1.51%"
"01/18/2021","24.43","24.03","24.63","23.89","24.26M","2.05%"
"01/15/2021","23.94","23.40","24.09","23.33","32.76M","0.97%"
"01/14/2021","23.71","24.13","24.14","23.48","25.55M","-1.21%"
"01/13/2021","24.00","24.18","24.18","23.53","25.61M","-0.74%"
"01/12/2021","24.18","23.58","24.30","23.23","35.04M","3.02%"
"01/11/2021","23.47","23.48","23.83","23.31","26.65M","-1.47%"
"01/08/2021","23.82","23.17","24.28","23.00","43.99M","2.94%"
"01/07/2021","23.14","23.62","23.83","22.93","42.15M","-1.19%"
"01/06/2021","23.42","24.63","24.64","23.40","51.80M","-5.33%"
"01/05/2021","24.74","25.08","25.16","24.32","25.43M","-1.75%"
"01/04/2021","25.18","25.24","25.56","24.85","25.71M","1.00%"
"12/30/2020","24.93","25.35","25.64","24.93","19.19M","-1.20%"
"12/29/2020","25.24","25.19","25.51","24.98","17.79M","0.12%"
"12/28/2020","25.21","24.74","25.29","24.36","23.10M","1.12%"
"12/23/2020","24.93","25.21","25.58","24.93","20.56M","-0.76%"
"12/22/2020","25.12","25.25","25.38","24.81","25.22M","0.64%"
"12/21/2020","24.96","23.89","25.34","23.57","55.35M","1.96%"
"12/18/2020","24.48","24.44","24.59","24.06","31.02M","-0.08%"
"12/17/2020","24.50","24.82","25.07","24.32","23.43M","-1.68%"
"12/16/2020","24.92","24.46","24.93","24.13","41.31M","1.42%"
"12/15/2020","24.57","24.12","24.78","23.60","39.50M","2.33%"
"12/14/2020","24.01","22.96","24.18","22.83","43.30M","4.61%"
"12/11/2020","22.95","23.05","23.49","22.68","38.14M","-1.75%"
"12/10/2020","23.36","24.06","24.12","23.13","33.67M","-2.42%"
"12/09/2020","23.94","24.91","25.02","23.77","41.17M","-3.89%"
"12/08/2020","24.91","23.69","24.91","23.57","42.10M","4.83%"
"12/07/2020","23.76","23.62","24.23","23.39","24.57M","0.59%"
"12/04/2020","23.62","23.38","23.81","23.13","22.74M","1.55%"
"12/03/2020","23.26","23.04","23.56","22.89","33.18M","1.08%"
"12/02/2020","23.01","22.84","23.13","22.71","25.58M","0.74%"
"12/01/2020","22.84","23.61","23.73","22.56","49.28M","-2.14%"
"11/30/2020","23.34","24.16","24.65","23.18","67.11M","-3.35%"
"11/27/2020","24.15","24.28","24.51","23.88","36.13M","-0.25%"
"11/26/2020","24.21","23.86","24.26","23.78","23.11M","1.04%"
"11/25/2020","23.96","23.63","24.27","23.48","38.91M","1.27%"
"11/24/2020","23.66","23.33","23.93","22.86","57.47M","1.20%"
"11/23/2020","23.38","24.26","24.33","23.18","59.64M","-3.22%"
"11/20/2020","24.16","24.90","24.91","23.97","39.26M","-1.79%"
"11/19/2020","24.60","24.49","24.68","23.78","50.04M","0.41%"
"11/18/2020","24.50","24.66","24.69","24.03","31.52M","-0.77%"
"11/17/2020","24.69","24.71","25.23","24.49","31.91M","-0.48%"
"11/16/2020","24.81","25.26","25.35","24.23","41.36M","-1.00%"
"11/13/2020","25.06","25.71","25.73","24.82","35.56M","-1.49%"
"11/12/2020","25.44","25.48","25.90","24.87","33.82M","-0.39%"
"11/11/2020","25.53","25.36","26.16","25.24","51.17M","1.43%"
"11/10/2020","25.18","25.96","27.07","25.14","79.06M","-4.65%"
"11/09/2020","26.40","28.10","28.26","26.30","71.76M","-3.22%"
"11/06/2020","27.28","26.95","27.31","26.46","33.29M","-0.44%"
"11/05/2020","27.40","26.83","27.65","26.69","46.38M","4.81%"
"11/04/2020","26.14","25.36","26.58","25.33","51.19M","4.80%"
"11/03/2020","24.95","25.24","25.35","24.71","25.25M","1.46%"
"10/30/2020","24.59","25.11","25.26","24.12","30.77M","-2.88%"
"10/29/2020","25.32","24.36","25.53","23.84","37.38M","2.96%"
"10/28/2020","24.59","24.76","25.20","24.36","35.60M","-3.22%"
"10/27/2020","25.41","25.48","25.70","25.08","20.24M","-0.08%"
"10/26/2020","25.43","25.75","26.05","25.07","25.40M","-1.74%"
"10/23/2020","25.87","26.05","26.16","25.60","23.49M","-0.69%"
"10/22/2020","26.05","26.30","26.35","25.95","22.66M","-0.46%"
"10/21/2020","26.17","25.95","26.75","25.91","35.15M","0.69%"
"10/20/2020","25.99","25.75","26.09","25.60","27.49M","1.36%"
"10/19/2020","25.64","26.06","26.25","25.31","36.08M","-0.43%"
"10/16/2020","25.75","25.71","26.00","25.12","32.43M","1.14%"
"10/15/2020","25.46","24.98","26.02","24.96","34.37M","-0.31%"
"10/14/2020","25.54","26.45","27.20","25.00","82.85M","-1.58%"
"10/13/2020","25.95","24.84","26.05","24.83","94.01M","5.96%"
"10/09/2020","24.49","22.93","24.49","22.86","91.29M","6.84%"
"10/08/2020","22.93","22.41","22.96","22.24","46.24M","3.29%"
"10/07/2020","22.20","22.39","22.65","22.19","41.35M","-0.40%"
"10/06/2020","22.29","22.71","22.76","22.18","42.46M","-0.93%"
"10/05/2020","22.50","22.21","22.63","22.03","47.91M","2.37%"
"10/02/2020","21.97","22.72","22.90","21.86","58.79M","-4.19%"
"10/01/2020","22.93","22.30","22.93","22.26","45.22M","3.03%"
"09/30/2020","22.26","21.99","22.44","21.77","46.60M","1.97%"
"09/29/2020","21.83","21.85","22.17","21.60","38.06M","0.00%"
"09/28/2020","21.83","22.86","23.03","21.72","62.53M","-3.49%"
"09/25/2020","22.62","22.06","22.73","21.84","42.79M","1.49%"
"09/24/2020","22.29","21.69","22.41","21.39","48.23M","3.26%"
"09/23/2020","21.58","22.33","22.45","21.51","42.78M","-3.36%"
"09/22/2020","22.33","22.36","22.51","21.84","52.44M","0.89%"
"09/21/2020","22.14","21.27","22.25","21.05","60.68M","1.77%"
"09/18/2020","21.75","21.86","22.35","21.47","59.81M","0.07%"
"09/17/2020","21.74","22.11","22.29","21.63","49.05M","-2.32%"
"09/16/2020","22.25","22.42","22.68","22.12","36.73M","-0.46%"
"09/15/2020","22.36","22.81","23.07","22.23","45.28M","-0.80%"
"09/14/2020","22.54","22.26","22.93","22.21","49.44M","3.12%"
"09/11/2020","21.85","22.30","22.56","21.74","47.71M","-0.77%"
"09/10/2020","22.02","22.80","23.38","21.71","65.31M","-3.23%"
"09/09/2020","22.76","22.22","22.82","22.22","45.49M","4.00%"
"09/08/2020","21.88","21.72","22.34","21.34","44.87M","-1.22%"
"09/04/2020","22.15","22.32","22.57","20.83","89.66M","0.31%"
"09/03/2020","22.09","23.41","23.53","21.76","84.32M","-5.36%"
"09/02/2020","23.34","23.93","24.06","23.21","40.39M","-1.91%"
"09/01/2020","23.79","23.51","24.02","23.38","35.00M","2.26%"
"08/31/2020","23.26","23.59","23.59","23.05","44.47M","-1.44%"
"08/28/2020","23.60","23.08","23.60","22.93","39.06M","2.83%"
"08/27/2020","22.95","22.57","22.99","22.57","48.83M","2.03%"
"08/26/2020","22.50","21.99","22.83","21.95","68.89M","2.44%"
"08/25/2020","21.96","21.94","22.14","21.81","29.32M","1.06%"
"08/24/2020","21.73","22.01","22.23","21.61","31.02M","-0.31%"
"08/21/2020","21.80","21.70","22.14","21.56","32.70M","0.00%"
"08/20/2020","21.80","22.00","22.03","21.50","54.21M","-2.62%"
"08/19/2020","22.39","22.21","22.52","22.02","54.22M","0.22%"
"08/18/2020","22.34","21.34","22.41","20.97","127.01M","9.61%"
"08/17/2020","20.38","20.59","20.83","19.81","57.80M","-0.13%"
"08/14/2020","20.40","20.12","20.57","20.01","42.31M","1.63%"
"08/13/2020","20.08","20.11","20.96","19.83","62.93M","0.49%"
"08/12/2020","19.98","20.29","20.50","19.77","43.78M","-1.15%"
"08/11/2020","20.21","20.64","20.71","20.02","42.30M","-1.15%"
"08/10/2020","20.45","21.51","21.54","20.24","60.36M","-4.34%"
"08/07/2020","21.37","21.26","21.84","21.05","46.21M","-0.30%"
"08/06/2020","21.44","20.96","21.51","20.84","43.84M","3.51%"
"08/05/2020","20.71","20.79","21.07","20.69","30.10M","0.61%"
"08/04/2020","20.59","20.33","20.76","20.17","31.26M","-0.08%"
"08/03/2020","20.61","20.27","20.66","19.90","37.80M","2.30%"
"07/31/2020","20.14","21.01","21.15","19.96","45.09M","-2.99%"
"07/30/2020","20.76","19.74","20.80","19.71","45.19M","3.84%"
"07/29/2020","19.99","20.18","20.30","19.82","25.15M","-0.24%"
"07/28/2020","20.04","19.77","20.22","19.57","29.71M","1.32%"
"07/27/2020","19.78","20.10","20.43","19.57","40.31M","-0.40%"
"07/24/2020","19.86","19.91","19.92","19.25","54.07M","-0.91%"
"07/23/2020","20.04","21.21","21.29","19.57","50.53M","-5.02%"
"07/22/2020","21.10","20.94","21.45","20.48","42.91M","0.34%"
"07/21/2020","21.03","22.13","22.33","20.88","60.79M","-3.10%"
"07/20/2020","21.70","20.55","21.74","20.48","43.13M","6.10%"
"07/17/2020","20.46","20.08","20.51","20.08","43.84M","2.27%"
"07/16/2020","20.00","20.23","20.41","19.74","44.47M","-1.62%"
"07/15/2020","20.33","20.28","20.43","20.17","50.82M","1.24%"
"07/14/2020","20.08","20.14","20.54","19.82","56.45M","0.00%"
"07/13/2020","20.08","20.11","20.51","20.01","43.43M","0.40%"
"07/10/2020","20.00","19.78","20.21","19.69","51.72M","0.98%"
"07/09/2020","19.81","19.21","19.85","19.02","46.35M","3.52%"
"07/08/2020","19.13","18.77","19.13","18.66","46.46M","2.65%"
"07/07/2020","18.64","17.94","18.66","17.73","49.45M","3.79%"
"07/06/2020","17.96","18.16","18.26","17.86","32.43M","0.00%"
"07/03/2020","17.96","17.51","17.97","17.29","28.15M","2.71%"
"07/02/2020","17.49","18.15","18.27","17.49","42.72M","-3.04%"
"07/01/2020","18.04","17.96","18.09","17.69","35.18M","0.91%"
"06/30/2020","17.87","17.42","18.19","17.37","51.15M","1.76%"
"06/29/2020","17.56","17.50","17.56","17.05","32.78M","1.53%"
"06/26/2020","17.30","17.33","17.69","17.13","32.73M","-0.49%"
"06/25/2020","17.38","17.44","17.64","17.15","31.51M","-0.16%"
"06/24/2020","17.41","17.51","17.86","17.01","42.54M","-0.64%"
"06/23/2020","17.52","17.85","17.98","17.52","29.25M","-0.92%"
"06/22/2020","17.69","17.87","18.05","17.51","37.04M","-0.70%"
"06/19/2020","17.81","17.71","17.90","17.57","79.91M","2.44%"
"06/18/2020","17.39","16.76","17.69","16.44","77.62M","3.74%"
"06/17/2020","16.76","16.57","17.13","16.45","77.00M","1.80%"
"06/16/2020","16.46","16.61","16.83","16.11","62.14M","0.23%"
"06/15/2020","16.43","15.68","16.43","15.52","58.41M","2.97%"
"06/12/2020","15.95","15.67","16.21","15.59","68.17M","-1.01%"
"06/10/2020","16.11","15.72","16.23","15.25","78.88M","3.56%"
"06/09/2020","15.56","15.26","15.89","15.19","45.61M","0.00%"
"06/08/2020","15.56","14.97","15.79","14.79","82.19M","4.93%"
"06/05/2020","14.83","15.47","15.49","14.60","77.07M","-1.72%"
"06/04/2020","15.09","15.37","15.50","14.97","50.90M","-3.03%"
"06/03/2020","15.56","15.69","15.84","15.01","78.13M","0.94%"
"06/02/2020","15.42","16.12","16.21","15.32","74.00M","-2.98%"
"06/01/2020","15.89","15.97","16.13","15.65","35.02M","-1.01%"
"05/29/2020","16.05","16.29","16.39","15.97","66.99M","-1.38%"
"05/28/2020","16.28","16.78","16.85","16.09","54.20M","-3.13%"
"05/27/2020","16.80","16.68","16.91","16.15","56.25M","4.47%"
"05/26/2020","16.09","15.77","17.00","15.75","102.09M","6.75%"
"05/25/2020","15.07","14.77","15.22","14.69","43.35M","4.77%"
"05/22/2020","14.38","14.44","14.79","14.26","43.79M","-1.10%"
"05/21/2020","14.54","14.37","14.74","14.24","42.03M","2.44%"
"05/20/2020","14.19","14.72","14.84","14.19","48.10M","-2.87%"
"05/19/2020","14.61","13.95","14.78","13.89","59.34M","5.08%"
"05/18/2020","13.91","14.09","14.14","13.75","41.22M","1.12%"
"05/15/2020","13.75","13.72","14.03","13.55","34.92M","-0.67%"
"05/14/2020","13.84","13.67","13.90","13.42","53.27M","0.73%"
"05/13/2020","13.75","13.87","13.95","13.58","49.11M","0.55%"
"05/12/2020","13.67","13.84","14.22","13.49","40.62M","-0.27%"
"05/11/2020","13.71","13.83","14.11","13.61","33.54M","-1.06%"
"05/08/2020","13.85","14.45","14.45","13.66","55.20M","-2.20%"
"05/07/2020","14.17","14.09","14.52","13.32","92.41M","2.97%"
"05/06/2020","13.76","13.03","13.99","12.98","118.66M","9.86%"
"05/05/2020","12.52","13.01","13.17","12.51","50.89M","-2.41%"
"05/04/2020","12.83","11.97","12.89","11.80","52.12M","3.50%"
"04/30/2020","12.40","12.44","12.86","12.25","46.42M","-1.82%"
"04/29/2020","12.63","13.12","13.19","12.51","66.52M","-2.28%"
"04/28/2020","12.92","12.72","12.92","12.51","57.69M","4.65%"
"04/27/2020","12.35","12.28","12.47","11.97","69.73M","4.47%"
"04/24/2020","11.82","12.07","12.26","10.65","105.26M","-4.22%"
"04/23/2020","12.34","12.94","13.10","12.12","69.82M","-2.14%"
"04/22/2020","12.61","12.35","13.02","12.25","88.87M","4.27%"
"04/20/2020","12.09","10.91","12.11","10.79","79.13M","8.72%"
"04/17/2020","11.12","11.64","11.70","10.95","48.18M","-2.15%"
"04/16/2020","11.37","11.14","11.48","11.03","57.93M","3.92%"
"04/15/2020","10.94","10.50","11.06","10.35","53.94M","2.21%"
"04/14/2020","10.70","10.70","10.83","10.56","44.49M","2.36%"
"04/13/2020","10.45","10.25","10.50","10.15","33.61M","0.62%"
"04/09/2020","10.39","10.68","10.90","10.29","51.61M","-0.74%"
"04/08/2020","10.47","10.05","10.53","9.84","62.91M","4.66%"
"04/07/2020","10.00","10.34","10.63","10.00","78.28M","4.95%"
"04/06/2020","9.53","9.58","9.82","9.28","64.71M","7.48%"
"04/03/2020","8.87","8.82","8.89","8.31","65.60M","-0.98%"
"04/02/2020","8.95","9.53","9.65","8.76","81.57M","-4.24%"
"04/01/2020","9.35","9.33","9.76","9.00","73.31M","-3.87%"
"03/31/2020","9.73","10.60","10.78","9.68","96.64M","-6.27%"
"03/30/2020","10.38","10.23","10.48","9.93","75.36M","6.67%"
"03/27/2020","9.73","9.65","10.16","9.39","68.00M","-5.16%"
"03/26/2020","10.26","10.14","11.08","10.04","91.19M","2.80%"
"03/25/2020","9.98","9.20","10.81","9.16","124.53M","9.05%"
"03/24/2020","9.15","8.41","9.43","8.41","82.36M","21.42%"
"03/23/2020","7.54","8.11","8.21","7.37","85.38M","-1.44%"
"03/20/2020","7.65","8.18","9.00","7.65","112.82M","0.33%"
"03/19/2020","7.62","6.86","7.83","6.24","112.50M","6.04%"
"03/18/2020","7.19","7.99","8.39","6.60","121.29M","-19.00%"
"03/17/2020","8.87","9.01","9.40","8.19","107.86M","4.40%"
"03/16/2020","8.50","8.73","9.96","8.50","91.61M","-18.88%"
"03/13/2020","10.48","10.60","10.67","8.53","120.06M","23.53%"
"03/12/2020","8.48","8.98","9.69","7.63","69.53M","-21.08%"
"03/11/2020","10.75","11.23","11.67","9.95","79.46M","-8.32%"
"03/10/2020","11.72","11.23","11.73","10.55","81.80M","16.43%"
"03/09/2020","10.07","9.73","10.57","9.67","96.77M","-10.96%"
"03/06/2020","11.31","11.01","11.58","10.74","113.37M","-5.15%"
"03/05/2020","11.92","12.97","12.97","11.62","84.79M","-8.88%"
"03/04/2020","13.08","13.57","13.59","12.94","45.34M","-0.76%"
"03/03/2020","13.18","13.14","13.67","12.89","58.39M","0.57%"
"03/02/2020","13.11","12.65","13.33","12.43","64.61M","4.02%"
"02/28/2020","12.60","12.22","12.60","11.78","78.80M","0.54%"
"02/27/2020","12.54","12.97","13.32","12.48","58.82M","-4.97%"
"02/26/2020","13.19","13.24","13.48","12.91","53.72M","-6.32%"
"02/21/2020","14.08","13.88","14.42","13.82","38.34M","-0.16%"
"02/20/2020","14.10","14.45","14.50","13.93","44.56M","-2.28%"
"02/19/2020","14.43","14.56","14.69","14.37","36.51M","-0.62%"
"02/18/2020","14.52","14.53","14.74","14.34","38.23M","-1.07%"
"02/17/2020","14.68","14.47","14.95","14.26","73.78M","4.47%"
"02/14/2020","14.05","14.37","14.46","13.97","36.68M","-1.26%"
"02/13/2020","14.23","13.70","14.29","13.50","54.98M","1.98%"
"02/12/2020","13.95","13.60","14.11","13.53","42.10M","3.08%"
"02/11/2020","13.54","13.27","13.67","12.90","37.95M","3.61%"
"02/10/2020","13.07","13.47","13.85","12.86","51.32M","-3.41%"
"02/07/2020","13.53","13.89","13.95","13.35","39.08M","-2.87%"
"02/06/2020","13.93","14.47","14.51","13.92","41.16M","-2.57%"
"02/05/2020","14.29","14.59","14.68","14.23","34.48M","-0.62%"
"02/04/2020","14.38","14.37","14.64","14.25","32.87M","2.00%"
"02/03/2020","14.10","14.09","14.21","13.88","24.57M","1.31%"
"01/31/2020","13.92","13.88","14.26","13.77","38.78M","-1.24%"
"01/30/2020","14.09","14.06","14.14","13.73","44.30M","-1.38%"
"01/29/2020","14.29","14.35","14.49","14.13","39.80M","0.53%"
"01/28/2020","14.22","13.47","14.22","13.47","41.43M","5.93%"
"01/27/2020","13.42","13.73","13.80","13.41","30.10M","-4.19%"
"01/24/2020","14.01","14.16","14.23","13.97","30.07M","-0.76%"
"01/23/2020","14.11","13.89","14.15","13.70","32.74M","1.60%"
"01/22/2020","13.89","14.10","14.24","13.68","36.06M","-0.39%"
"01/21/2020","13.95","13.90","14.15","13.87","32.26M","-0.16%"
"01/20/2020","13.97","13.50","13.97","13.48","29.62M","3.04%"
"01/17/2020","13.56","13.42","13.58","13.25","24.18M","1.66%"
"01/16/2020","13.34","13.52","13.65","13.05","33.52M","-0.37%"
"01/15/2020","13.39","13.39","13.56","13.27","36.97M","-0.63%"
"01/14/2020","13.47","13.47","13.73","13.37","33.18M","-0.42%"
"01/13/2020","13.53","13.02","13.53","13.01","34.31M","4.69%"
"01/10/2020","12.92","12.99","13.23","12.73","37.48M","-0.54%"
"01/09/2020","12.99","12.60","13.03","12.58","44.12M","3.56%"
"01/08/2020","12.55","12.13","12.56","12.10","40.01M","3.07%"
"01/07/2020","12.17","12.21","12.27","12.10","26.82M","-0.29%"
"01/06/2020","12.21","12.07","12.30","11.92","27.36M","0.08%"
"01/03/2020","12.20","12.10","12.31","12.05","26.74M","-0.89%"
"01/02/2020","12.31","12.05","12.31","11.90","29.60M","3.49%"
"12/30/2019","11.89","12.16","12.21","11.84","32.35M","-2.11%"
"12/27/2019","12.15","12.25","12.32","12.00","23.70M","-0.73%"
"12/26/2019","12.24","12.16","12.24","12.12","19.40M","0.72%"
"12/23/2019","12.15","12.11","12.28","12.06","26.01M","0.31%"
"12/20/2019","12.11","12.12","12.22","11.96","36.74M","-0.06%"
"12/19/2019","12.12","12.10","12.15","11.94","30.08M","0.19%"
"12/18/2019","12.10","12.00","12.21","11.88","41.21M","1.36%"
"12/17/2019","11.94","12.31","12.31","11.77","48.48M","-2.88%"
"12/16/2019","12.29","12.34","12.43","12.13","42.75M","0.47%"
"12/13/2019","12.23","12.04","12.38","11.96","54.63M","2.59%"
"12/12/2019","11.92","11.96","12.06","11.85","36.26M","0.53%"
"12/11/2019","11.86","11.69","11.94","11.63","45.07M","2.10%"
"12/10/2019","11.62","11.45","11.62","11.29","33.75M","1.64%"
"12/09/2019","11.43","11.32","11.59","11.30","51.05M","0.99%"
"12/06/2019","11.32","11.22","11.36","11.17","30.21M","1.14%"
"12/05/2019","11.19","11.04","11.26","10.99","39.04M","1.86%"
"12/04/2019","10.99","11.14","11.40","10.97","58.36M","-1.17%"
"12/03/2019","11.11","11.26","11.27","10.97","34.45M","-0.73%"
"12/02/2019","11.20","11.33","11.38","11.10","39.41M","-0.24%"
"11/29/2019","11.22","11.42","11.44","11.22","45.51M","-1.25%"
"11/28/2019","11.37","11.30","11.48","11.17","48.19M","0.00%"
"11/27/2019","11.37","10.83","11.37","10.77","65.13M","5.95%"
"11/26/2019","10.73","11.02","11.04","10.60","71.94M","-2.84%"
"11/25/2019","11.04","11.34","11.34","11.04","36.31M","-2.62%"
"11/22/2019","11.34","11.14","11.39","11.11","47.98M","1.09%"
"11/21/2019","11.22","11.19","11.24","11.03","42.85M","1.08%"
"11/19/2019","11.10","11.21","11.28","10.85","59.73M","-1.02%"
"11/18/2019","11.21","11.22","11.26","10.91","110.62M","1.65%"
"11/14/2019","11.03","10.64","11.08","10.61","72.27M","4.12%"
"11/13/2019","10.59","10.68","10.69","10.39","91.29M","-2.07%"
"11/12/2019","10.82","11.27","11.33","10.74","65.44M","-3.60%"
"11/11/2019","11.22","10.84","11.34","10.78","44.66M","2.76%"
"11/08/2019","10.92","10.85","11.16","10.71","42.56M","-0.88%"
"11/07/2019","11.02","11.37","11.44","11.01","39.11M","-2.21%"
"11/06/2019","11.27","11.09","11.29","10.84","47.18M","2.63%"
"11/05/2019","10.98","11.30","11.54","10.85","72.75M","-2.07%"
"11/04/2019","11.21","12.00","12.16","11.16","125.37M","-4.70%"
"11/01/2019","11.76","11.20","11.79","11.19","91.66M","5.71%"
"10/31/2019","11.13","10.81","11.13","10.61","95.42M","1.41%"
"10/30/2019","10.97","10.68","11.08","10.53","127.47M","6.97%"
"10/29/2019","10.26","10.76","10.82","10.13","49.02M","-3.56%"
"10/28/2019","10.64","10.52","10.76","10.48","41.78M","1.60%"
"10/25/2019","10.47","10.81","10.84","10.47","32.18M","-2.89%"
"10/24/2019","10.78","10.84","10.96","10.76","23.68M","-0.55%"
"10/23/2019","10.84","10.87","10.97","10.70","32.22M","-0.53%"
"10/22/2019","10.90","10.77","10.96","10.76","23.62M","1.44%"
"10/21/2019","10.74","10.81","10.86","10.57","24.53M","0.23%"
"10/18/2019","10.72","10.83","10.96","10.56","28.27M","-0.39%"
"10/17/2019","10.76","10.64","11.06","10.62","53.10M","0.96%"
"10/16/2019","10.66","10.37","10.69","10.21","40.95M","2.30%"
"10/15/2019","10.42","10.52","10.67","10.28","38.02M","-0.88%"
"10/14/2019","10.51","9.97","10.51","9.95","43.77M","4.12%"
"10/11/2019","10.10","9.84","10.16","9.81","43.57M","4.01%"
"10/10/2019","9.71","9.90","9.97","9.67","30.08M","-1.79%"
"10/09/2019","9.88","9.55","9.89","9.54","35.45M","4.34%"
"10/08/2019","9.47","9.63","9.71","9.44","42.36M","-0.85%"
"10/07/2019","9.55","9.60","9.89","9.49","39.17M","-0.98%"
"10/04/2019","9.65","9.30","9.68","9.28","59.23M","3.97%"
"10/03/2019","9.28","9.10","9.28","8.97","23.02M","2.19%"
"10/02/2019","9.08","9.24","9.28","9.02","35.18M","-2.54%"
"10/01/2019","9.32","9.24","9.32","9.13","25.67M","1.11%"
"09/30/2019","9.22","9.14","9.26","9.09","20.49M","0.65%"
"09/27/2019","9.16","9.10","9.17","8.99","16.07M","0.63%"
"09/26/2019","9.10","9.16","9.27","9.08","27.55M","-0.41%"
"09/25/2019","9.14","9.09","9.17","8.89","22.36M","-0.14%"
"09/24/2019","9.15","8.98","9.21","8.95","37.48M","2.17%"
"09/23/2019","8.95","9.10","9.10","8.89","24.40M","-1.56%"
"09/20/2019","9.10","8.94","9.10","8.82","42.44M","2.09%"
"09/19/2019","8.91","8.81","9.04","8.81","45.82M","2.14%"
"09/18/2019","8.72","8.58","8.76","8.57","25.36M","0.60%"
"09/17/2019","8.67","8.49","8.75","8.42","41.15M","0.00%"
"09/16/2019","8.68","8.41","8.68","8.15","42.26M","2.26%"
"09/13/2019","8.48","8.76","8.77","8.47","30.65M","-2.57%"
"09/12/2019","8.71","8.71","8.80","8.43","50.11M","1.16%"
"09/11/2019","8.61","8.38","8.62","8.25","65.14M","6.46%"
"09/10/2019","8.09","8.21","8.29","7.87","95.24M","-4.97%"
"09/09/2019","8.51","8.98","9.00","8.34","56.87M","-5.00%"
"09/06/2019","8.96","9.20","9.22","8.92","31.17M","-1.91%"
"09/05/2019","9.13","9.33","9.40","9.12","27.90M","-1.34%"
"09/04/2019","9.26","9.12","9.26","9.04","31.10M","3.68%"
"09/03/2019","8.93","9.03","9.30","8.90","29.24M","-1.99%"
"09/02/2019","9.11","9.08","9.19","8.98","26.82M","0.88%"
"08/30/2019","9.03","9.35","9.44","8.93","43.84M","-2.60%"
"08/29/2019","9.27","8.85","9.27","8.79","55.47M","6.73%"
"08/28/2019","8.69","8.46","8.70","8.33","43.87M","2.05%"
"08/27/2019","8.51","8.52","8.69","8.41","51.69M","1.51%"
"08/26/2019","8.38","8.67","8.71","8.27","37.92M","-0.24%"
"08/23/2019","8.40","8.37","8.70","8.21","66.06M","-1.89%"
"08/22/2019","8.57","9.13","9.18","8.53","52.28M","-5.77%"
"08/21/2019","9.09","9.15","9.26","9.09","25.07M","0.00%"
"08/20/2019","9.09","9.37","9.37","9.01","40.92M","-3.44%"
"08/19/2019","9.41","9.47","9.50","9.28","22.78M","0.72%"
"08/16/2019","9.34","9.35","9.42","9.06","35.25M","3.44%"
"08/15/2019","9.03","9.33","9.46","8.98","40.04M","-1.73%"
"08/14/2019","9.19","9.30","9.52","9.10","52.40M","-2.38%"
"08/13/2019","9.42","9.35","9.53","9.31","63.83M","3.93%"
"08/12/2019","9.06","9.40","9.40","8.95","37.71M","-3.60%"
"08/09/2019","9.40","9.24","9.62","9.24","47.79M","1.72%"
"08/08/2019","9.24","9.13","9.29","9.09","38.36M","2.29%"
"08/07/2019","9.03","9.18","9.18","8.77","45.87M","-0.79%"
"08/06/2019","9.11","8.85","9.22","8.84","68.98M","6.09%"
"08/05/2019","8.58","8.77","8.77","8.56","58.85M","-2.66%"
"08/02/2019","8.82","8.73","8.86","8.63","45.11M","2.55%"
"08/01/2019","8.60","8.38","8.68","8.34","78.67M","4.85%"
"07/31/2019","8.20","8.33","8.40","8.10","49.88M","-0.31%"
"07/30/2019","8.23","8.20","8.44","8.18","56.04M","0.28%"
"07/29/2019","8.20","7.84","8.22","7.79","45.83M","4.68%"
"07/26/2019","7.84","7.66","7.89","7.62","37.27M","3.08%"
"07/25/2019","7.60","7.70","7.72","7.53","35.34M","-0.54%"
"07/24/2019","7.64","7.56","7.75","7.56","27.48M","1.57%"
"07/23/2019","7.53","7.74","7.76","7.51","35.73M","-2.16%"
"07/22/2019","7.69","7.49","7.70","7.43","47.42M","3.91%"
"07/19/2019","7.40","7.74","7.76","7.40","47.92M","-3.62%"
"07/18/2019","7.68","7.70","7.79","7.62","39.06M","1.07%"
"07/17/2019","7.60","7.37","7.80","7.37","83.35M","4.44%"
"07/16/2019","7.28","7.21","7.28","7.20","22.11M","1.45%"
"07/15/2019","7.17","7.31","7.32","7.15","29.62M","-0.60%"
"07/12/2019","7.22","7.31","7.47","7.21","61.08M","0.55%"
"07/11/2019","7.18","7.33","7.33","7.13","34.36M","-1.17%"
"07/10/2019","7.26","7.19","7.34","7.19","35.44M","1.79%"
"07/08/2019","7.13","7.03","7.19","7.00","30.01M","1.47%"
"07/05/2019","7.03","6.90","7.10","6.86","31.41M","2.25%"
"07/04/2019","6.88","6.92","6.97","6.88","36.10M","0.11%"
"07/03/2019","6.87","6.59","6.87","6.57","43.27M","3.95%"
"07/02/2019","6.61","6.55","6.61","6.50","22.67M","1.08%"
"07/01/2019","6.54","6.59","6.64","6.50","22.54M","-0.44%"
"06/28/2019","6.57","6.51","6.57","6.45","32.30M","1.18%"
"06/27/2019","6.49","6.48","6.51","6.39","23.60M","0.10%"
"06/26/2019","6.48","6.47","6.53","6.44","22.58M","0.94%"
"06/25/2019","6.42","6.50","6.56","6.42","33.16M","-1.65%"
"06/24/2019","6.53","6.60","6.65","6.49","26.89M","-1.26%"
"06/21/2019","6.61","6.56","6.65","6.56","39.45M","1.26%"
"06/19/2019","6.53","6.44","6.56","6.38","83.07M","0.91%"
"06/18/2019","6.47","6.55","6.61","6.44","35.12M","0.29%"
"06/17/2019","6.45","6.60","6.72","6.43","43.85M","-1.92%"
"06/14/2019","6.58","6.50","6.69","6.39","47.25M","0.94%"
"06/13/2019","6.52","6.41","6.54","6.39","41.02M","3.20%"
"06/12/2019","6.32","6.41","6.41","6.25","42.39M","-1.96%"
"06/11/2019","6.44","6.34","6.52","6.33","36.00M","2.32%"
"06/10/2019","6.30","6.17","6.36","6.11","37.41M","2.04%"
"06/07/2019","6.17","5.93","6.17","5.93","31.18M","4.44%"
"06/06/2019","5.91","6.03","6.03","5.85","21.57M","-0.62%"
"06/05/2019","5.95","6.10","6.13","5.85","40.38M","-1.71%"
"06/04/2019","6.05","6.16","6.19","5.97","25.71M","-0.11%"
"06/03/2019","6.06","6.13","6.18","6.02","26.36M","-0.64%"
"05/31/2019","6.10","5.97","6.10","5.96","26.92M","1.61%"
"05/30/2019","6.00","5.91","6.05","5.90","28.79M","1.91%"
"05/29/2019","5.89","5.92","6.08","5.82","45.07M","0.14%"
"05/28/2019","5.88","5.61","5.88","5.60","65.63M","6.18%"
"05/27/2019","5.54","5.63","5.66","5.54","15.46M","0.65%"
"05/24/2019","5.50","5.68","5.71","5.47","25.41M","-2.00%"
"05/23/2019","5.61","5.53","5.67","5.45","32.85M","0.11%"
"05/22/2019","5.61","5.63","5.73","5.54","35.19M","0.47%"
"05/21/2019","5.58","5.47","5.65","5.46","37.01M","3.71%"
"05/20/2019","5.38","5.29","5.45","5.26","32.73M","2.48%"
"05/17/2019","5.25","5.13","5.37","5.13","33.80M","1.09%"
"05/16/2019","5.19","5.36","5.37","5.19","56.52M","-3.47%"
"05/15/2019","5.38","5.48","5.48","5.34","47.42M","-2.95%"
"05/14/2019","5.54","5.69","5.75","5.54","32.24M","-0.98%"
"05/13/2019","5.60","5.74","5.76","5.60","29.67M","-3.47%"
"05/10/2019","5.80","5.82","5.87","5.63","28.08M","0.32%"
"05/09/2019","5.78","6.00","6.00","5.78","34.34M","-3.93%"
"05/08/2019","6.02","5.97","6.08","5.97","29.00M","0.70%"
"05/07/2019","5.98","6.27","6.29","5.95","54.56M","-4.03%"
"05/06/2019","6.23","6.06","6.25","6.03","48.74M","2.02%"
"05/03/2019","6.10","5.94","6.19","5.94","38.29M","2.89%"
"05/02/2019","5.93","5.87","5.99","5.84","43.07M","-0.27%"
"04/30/2019","5.95","5.71","5.95","5.69","68.13M","7.14%"
"04/29/2019","5.55","5.57","5.60","5.51","16.35M","-0.25%"
"04/26/2019","5.57","5.47","5.60","5.45","36.80M","2.26%"
"04/25/2019","5.44","5.32","5.44","5.29","24.51M","1.47%"
"04/24/2019","5.36","5.31","5.38","5.24","25.79M","0.85%"
"04/23/2019","5.32","5.22","5.33","5.22","16.60M","2.27%"
"04/22/2019","5.20","5.28","5.29","5.17","13.83M","-2.11%"
"04/18/2019","5.31","5.00","5.33","4.99","43.73M","6.87%"
"04/17/2019","4.97","5.09","5.12","4.93","38.95M","-1.77%"
"04/16/2019","5.06","5.08","5.15","5.03","23.47M","-0.26%"
"04/15/2019","5.07","5.15","5.18","5.04","41.47M","-0.81%"
"04/12/2019","5.11","5.09","5.23","5.04","26.44M","-0.70%"
"04/11/2019","5.15","5.23","5.23","5.09","20.59M","-1.60%"
"04/10/2019","5.23","5.18","5.23","5.14","20.26M","1.44%"
"04/09/2019","5.16","5.16","5.22","5.07","33.78M","-0.26%"
"04/08/2019","5.17","5.27","5.28","5.12","76.98M","-1.91%"
"04/05/2019","5.27","5.25","5.30","5.20","23.54M","0.59%"
"04/04/2019","5.24","5.27","5.32","5.20","22.64M","0.00%"
"04/03/2019","5.25","5.21","5.36","5.18","40.40M","1.76%"
"04/02/2019","5.16","5.34","5.35","5.14","35.46M","-3.00%"
"04/01/2019","5.31","5.40","5.42","5.31","16.01M","-0.90%"
"03/29/2019","5.36","5.34","5.40","5.31","22.87M","1.21%"
"03/28/2019","5.30","5.24","5.35","5.13","44.72M","1.66%"
"03/27/2019","5.21","5.43","5.43","5.16","50.54M","-4.86%"
"03/26/2019","5.48","5.43","5.48","5.39","24.35M","2.01%"
"03/25/2019","5.37","5.39","5.47","5.29","32.88M","-0.11%"
"03/22/2019","5.38","5.58","5.64","5.36","43.93M","-4.91%"
"03/21/2019","5.65","5.60","5.65","5.55","31.27M","0.34%"
"03/20/2019","5.64","5.61","5.66","5.56","23.03M","0.51%"
"03/19/2019","5.61","5.58","5.67","5.56","21.55M","0.16%"
"03/18/2019","5.60","5.49","5.63","5.47","43.08M","1.82%"
"03/15/2019","5.50","5.52","5.54","5.45","25.32M","0.39%"
"03/14/2019","5.48","5.49","5.54","5.45","13.39M","-0.44%"
"03/13/2019","5.50","5.53","5.57","5.45","22.79M","-0.88%"
"03/12/2019","5.55","5.62","5.63","5.52","22.46M","-2.04%"
"03/11/2019","5.66","5.61","5.70","5.53","38.83M","0.97%"
"03/08/2019","5.61","5.46","5.69","5.39","54.21M","2.07%"
"03/07/2019","5.50","5.32","5.52","5.29","39.68M","3.23%"
"03/06/2019","5.32","5.43","5.44","5.31","15.52M","-2.06%"
"03/01/2019","5.44","5.43","5.55","5.37","28.41M","1.01%"
"02/28/2019","5.38","5.46","5.49","5.28","32.04M","-1.44%"
"02/27/2019","5.46","5.54","5.57","5.42","25.50M","-1.40%"
"02/26/2019","5.54","5.37","5.58","5.31","33.78M","2.76%"
"02/25/2019","5.39","5.55","5.58","5.39","41.36M","-2.36%"
"02/22/2019","5.52","5.28","5.62","5.15","122.04M","10.43%"
"02/21/2019","5.00","5.09","5.10","4.95","40.64M","-0.86%"
"02/20/2019","5.04","5.33","5.33","5.03","48.36M","-4.22%"
"02/19/2019","5.26","5.21","5.34","5.20","30.27M","0.66%"
"02/18/2019","5.23","5.08","5.23","5.04","14.98M","2.79%"
"02/15/2019","5.09","5.26","5.27","5.09","31.44M","-3.94%"
"02/14/2019","5.30","5.04","5.31","4.97","33.74M","5.82%"
"02/13/2019","5.00","5.14","5.15","4.91","38.46M","-2.12%"
"02/12/2019","5.11","5.18","5.22","5.07","32.63M","-0.32%"
"02/11/2019","5.13","5.27","5.27","5.10","21.72M","-2.75%"
"02/08/2019","5.27","5.21","5.27","5.11","22.03M","1.92%"
"02/07/2019","5.18","5.29","5.44","5.18","37.66M","-1.71%"
"02/06/2019","5.27","5.41","5.41","5.23","25.85M","-3.30%"
"02/05/2019","5.45","5.49","5.50","5.42","14.45M","-0.89%"
"02/04/2019","5.49","5.51","5.53","5.41","17.36M","-0.97%"
"02/01/2019","5.55","5.55","5.60","5.46","20.67M","-0.15%"
"01/31/2019","5.56","5.51","5.62","5.39","30.59M","1.66%"
"01/30/2019","5.47","5.59","5.65","5.37","43.97M","-1.09%"
"01/29/2019","5.53","5.22","5.58","5.21","51.17M","6.40%"
"01/28/2019","5.19","5.15","5.23","5.09","25.05M","0.00%"
"01/24/2019","5.20","5.29","5.32","5.12","36.25M","-1.25%"
"01/23/2019","5.26","5.09","5.28","5.05","38.25M","4.66%"
"01/22/2019","5.03","5.06","5.18","4.98","65.05M","-2.96%"
"01/21/2019","5.18","5.40","5.41","5.18","40.01M","-4.13%"
"01/18/2019","5.41","5.45","5.49","5.38","22.50M","-0.16%"
"01/17/2019","5.41","5.40","5.47","5.36","28.73M","-0.30%"
"01/16/2019","5.43","5.50","5.52","5.37","35.45M","-1.11%"
"01/15/2019","5.49","5.59","5.61","5.45","32.90M","-1.13%"
"01/14/2019","5.55","5.52","5.58","5.46","34.13M","0.79%"
"01/11/2019","5.51","5.62","5.63","5.51","37.48M","-1.80%"
"01/10/2019","5.61","5.56","5.62","5.52","24.43M","0.97%"
"01/09/2019","5.56","5.62","5.65","5.52","24.80M","-0.33%"
"01/08/2019","5.58","5.63","5.66","5.55","19.40M","-0.81%"
"01/07/2019","5.62","5.52","5.66","5.50","21.17M","1.55%"
"01/04/2019","5.54","5.71","5.72","5.53","27.72M","-3.04%"
"01/03/2019","5.71","5.58","5.76","5.57","26.34M","-1.07%"
"01/02/2019","5.77","5.60","5.77","5.56","27.02M","3.05%"